Country,Code,STEM,SCI_MATH,ENG,ICT,GDPPC,GINI,HDI,IHDI,GDI,FHDI,GII,stemt,GSNI1,GSNI2,GSNI0,GSNI_pol,GSNI_eco,GSNI_edu,GSNI_phi,SCI_BENEFITS-Enthusiast,SCI_BENEFITS-Excluded,SCI_BENEFITS-Included,SCI_BENEFITS-Sceptic,SCI_JOBS-Decrease,SCI_JOBS-Increase,SCI_JOBS-Neither,SCI_TRUST-High,SCI_TRUST-Low,SCI_TRUST-Medium,unemployment,Christians,Muslims,Unaffiliated
Albania,ALB,46.65349,69.87136,38.29528,43.7069,5353.2448564014,33.2,0.795,0.708,0.9668253716934854,0.780396712670255,0.181,18.82147,,,,,,,,15.033261164153982,20.06924785941165,23.868310915237632,32.23023489688325,40.17859989414067,47.66558650627928,5.917901364219268,10.207995039923391,39.159063059922985,46.23448825710164,14.234545447609635,18.0,80.3,1.4
Algeria,DZA,58.1698,83.0561,48.46417,48.93372,3973.96407191565,27.6,0.748,0.596,0.8583254728464075,0.6711642685049611,0.429,34.23498,97.83,87.0,2.17,80.08,74.08,37.17,86.75,10.185744704373958,20.871809631717667,33.20655313611325,11.004831270300343,26.993774426558137,46.62789018469773,11.593773323601955,4.707915141220036,27.8274642148551,49.12367028845918,10.987272782759241,0.0,97.9,1.8
Angola,AGO,38.41584,66.27566,22.39583,37.95987,2790.72661520665,51.3,0.581,0.397,0.9029466186297173,0.5517554932674117,0.536,12.01046,,,,,,,,,,,,,,,,,,7.458181814713911,90.5,0.0,5.1
Armenia,ARM,39.81053,60.52481,22.39763,38.47167,4622.73349328671,34.4,0.776,0.699,0.9820915997742171,0.7661304804028459,0.245,17.14432,94.11,81.28,5.89,72.82,75.91,24.89,66.14,19.62735629959511,18.803458458814095,20.882216388152127,21.431366540785117,22.480974016994324,58.19363978016666,6.540662154859541,5.908434024975762,24.63287316735887,53.77439160852302,18.182727120139383,98.5,0.0,1.3
Australia,AUS,32.07578,51.28372,23.23094,21.75496,55060.3261005013,34.4,0.944,0.867,0.9762035605125557,0.9318109561617719,0.097,17.39795,46.24,23.0,53.76,32.48,18.06,4.09,20.93,49.99210908721721,7.407475006747263,34.578379752752326,5.7853349435450525,37.67096799174448,46.132448372076546,5.446142283250313,33.45230193002987,7.501134202150989,58.17061563545882,5.6063636432994475,67.3,2.4,24.2
Austria,AUT,25.9026,49.59479,21.54307,14.29883,50137.6627762476,29.7,0.922,0.857,0.963932404178508,0.9027274536729487,0.069,31.03226,,,,,,,,39.4039220314475,9.808108491610898,36.79357294801523,5.689337079987737,37.031727186009846,42.77625618949371,10.911134190461665,21.715184204762668,8.569063156301267,67.96875943792232,5.231818155808882,80.4,5.4,13.5
Azerbaijan,AZE,35.09903,65.33787,26.56063,45.96774,4793.58701966989,26.6,0.756,0.684,0.9427321413710316,0.7296549712857238,0.323,25.90974,99.14,93.82,0.86,85.13,91.97,30.9,72.16,28.123759863903906,16.402847641887693,26.96625072010782,7.82814956616064,26.3593537007175,37.28441609967858,20.83472616612964,18.46212827661087,10.891033103819103,61.26760202610999,5.190000013871626,3.0,96.9,0.0
Bahrain,BHR,41.21339,87.09677,30.56537,47.13805,23503.977126673,,0.852,,0.9217169324821973,0.805511835617748,0.212,15.59017,,,,,,,,,,,,,,,,,,1.5727272900668063,14.5,70.3,1.9
Bangladesh,BGD,20.55313,14.91946,46.05475,27.25023,1855.73982408046,32.4,0.632,0.478,0.9040424485079425,0.5962269703497778,0.537,11.14589,,,,,,,,35.33238217914379,6.116383497383237,47.790707476460845,4.31031792534805,5.03173916360564,84.32238799390292,2.0246226209614258,21.63259149467849,8.147296877352787,62.565273841343064,4.261818148873069,0.0,90.4,0.0
Barbados,BRB,40.50279,46.25,9.09091,40.54054,18148.2449264001,,0.814,0.676,1.008056712575181,0.8157027221264797,0.252,,,,,,,,,,,,,,,,,,,11.000909111716522,95.2,0.0,1.9
Belarus,BLR,27.41609,62.03966,23.20685,23.03968,6663.29529282582,25.2,0.823,0.771,1.0066083723479982,0.8239285471938109,0.118,33.23204,90.37,71.7,9.63,77.82,58.45,21.19,55.52,47.238779551660556,8.735243123429228,21.820341872868674,4.705145493491173,35.8508709417391,19.111958542209155,27.17080682487395,6.72231731956801,13.48833774268996,70.65553850227585,5.6745455048301,71.2,0.0,28.6
Belgium,BEL,25.83196,41.40052,23.39934,9.87884,46420.6637668061,27.4,0.931,0.859,0.9738078064627926,0.9179405118829523,0.043,16.98965,,,,,,,,50.50601651134373,10.189136401362383,24.803318158823956,7.258979794348319,39.812666101376266,38.021624558609766,14.091177712889838,42.366780744516895,7.940866196920192,48.14652689383321,7.33090912212025,64.2,5.9,29.0
Belize,BLZ,41.83007,52.83019,9.09091,19.44444,4815.1637107951,53.3,0.716,0.554,0.97630942840557,0.7057622577314169,0.415,18.01059,,,,,,,,,,,,,,,,,,7.618181792172518,87.6,0.0,8.9
Benin,BEN,54.88478,54.93782,54.64481,55.06884,1219.43267185875,47.8,0.545,0.343,0.8546001196430981,0.5017452145866742,0.612,20.91009,,,,,,,,20.797856640259788,12.826380879500615,30.48426892120772,12.11973336636304,15.136199690541641,69.76550250981704,0.8287867710210886,13.693424024034757,40.19173669404926,27.47166498236301,2.3972727168690082,53.0,23.8,5.0
Bosnia and Herzegovina,BIH,44.49518,71.91393,39.37282,28.17824,6108.51069581338,33.0,0.78,0.667,0.937114942029348,0.7525972148013214,0.149,23.52245,,,,,,,,26.07518513908415,15.02423300524997,21.811552455856443,15.716243317530292,40.62550010582085,29.1135185051505,20.345185010912285,2.464245532253464,34.6844401597488,55.027075915169746,23.861818226900972,52.3,45.2,2.5
Brazil,BRA,36.64406,59.49238,36.66328,14.55104,8717.18627810819,53.9,0.765,0.57,0.9934769514540002,0.7599627389402953,0.408,18.36665,89.5,52.39,10.5,43.41,36.63,9.32,77.95,21.22702612085281,14.374937109811883,34.285942599201924,22.529280522112852,42.20794727948675,42.43832431671663,5.448046168519166,13.189671977400142,29.646515074092537,52.6587285609751,9.660000064156272,88.9,0.0,7.9
Brunei Darussalam,BRN,54.3399,73.36957,52.26415,41.86047,31086.7511188028,,0.838,,0.9807064034458567,0.829894797751232,0.255,40.14438,,,,,,,,,,,,,,,,,,7.554545445875688,9.4,75.1,0.0
Bulgaria,BGR,36.87189,68.08285,28.67224,38.74001,9828.14851478139,40.4,0.816,0.721,0.9946854591719437,0.8130032114518209,0.206,19.2768,76.84,44.4,23.16,53.67,37.13,10.95,39.42,27.60142935802924,8.807654170131238,27.569908986698255,7.003397640210526,31.600184920287138,21.560851446770858,25.393874020380935,11.221644297930695,19.700693705558745,55.00770681712105,8.74545457146384,82.1,13.7,4.2
Burkina Faso,BFA,20.5868,18.74126,21.57895,28.57143,786.895631290168,35.3,0.452,0.316,0.866707792642374,0.41789465986417834,0.594,20.2646,98.38,85.86,1.62,66.42,77.27,33.2,88.81,28.31197171738079,16.580845341150372,23.047119314038394,7.95548675146571,14.38294133946611,59.3520071318568,3.3140517001475396,12.963429617909494,23.434645433296396,34.25587341107326,5.361818140203303,22.5,61.6,0.0
Burundi,BDI,18.16911,21.09181,8.03403,26.55311,261.247472515742,38.6,0.433,0.303,0.9992879461631564,0.4321400853241757,0.504,19.67246,,,,,,,,20.327640309427746,15.367264588065549,33.101019540526636,16.090603553187925,15.701404728346798,67.81566707876298,3.7831866051610583,15.893807569170098,41.59158357827851,25.525880538928476,1.5045454556291773,91.5,2.8,0.0
Cabo Verde,CPV,42.35808,66.66667,32.65306,44.0,3603.78179304514,42.4,0.665,,0.9739662240966888,0.6545768848399539,0.397,16.12676,,,,,,,,,,,,,,,,,,11.807272650978781,89.1,0.0,9.1
Cambodia,KHM,16.67996,34.07525,15.13514,8.43976,1643.12138876539,,0.594,0.475,0.9220299894870252,0.5699984425937561,0.474,23.20455,,,,,,,,24.29566906629354,7.623320713097686,29.647168767664994,10.389467373214718,10.099119679002431,71.19716837593408,0.1148793693343957,6.195292253603296,4.775212620767065,45.42240660221541,0.4372727234255182,0.0,2.0,0.0
Cameroon,CMR,32.27844,36.26374,25.1945,,1507.45020591288,46.6,0.563,0.375,0.8640198431210152,0.5214027138081596,0.56,,,,,,,,,27.642055191556945,11.148812513416683,35.556696734875615,9.10339588515539,13.273826264096956,70.10191412611174,1.6330260902192684,12.891435891311792,29.36057440354804,40.03853621194653,3.6227272640575063,70.3,18.3,5.3
Canada,CAN,31.4295,53.76368,19.66861,29.96837,46194.7252255167,33.3,0.929,0.848,0.9855929026542676,0.9215525045584151,0.08,22.37562,51.53,23.26,48.47,25.4,21.39,4.91,30.5,44.83154504330876,7.4919453054280325,39.43526174745004,4.6505355987538275,33.11323644771054,53.045465167533436,5.68496723933385,28.179408810350242,7.128358071336911,58.608861004668036,7.096363631161778,69.0,2.1,23.7
Chile,CHL,18.82858,46.45613,17.74013,12.74434,14896.4538665789,44.4,0.851,0.709,0.9627589312244506,0.8325276348416307,0.247,20.94617,74.4,42.2,25.6,42.1,28.4,20.1,52.6,17.35048395172453,21.203437792660925,30.457379036869398,23.547710123015523,40.247065287348796,44.349924901197454,7.440926058983613,15.178207786241064,25.026649906697184,54.67719440095471,7.4127273126081965,89.4,0.0,8.6
Colombia,COL,33.40987,54.16604,34.59502,23.30682,6428.67620562768,50.4,0.767,0.595,0.9894660299868661,0.7614492267884626,0.428,23.12693,91.4,57.21,8.6,49.34,33.73,10.78,82.28,20.18892361972979,13.879791652871537,33.50989574959961,22.397166546366616,42.22622486270776,46.93308171204272,1.400477221795483,10.361587519203615,32.29695421753847,51.55945632062602,9.892727071588682,92.5,0.0,6.6
Congo Democratic Republic,COD,25.09538,32.61015,9.79972,36.64532,580.716867207745,42.1,0.48,0.335,0.8452424284084028,0.43915158851679253,0.617,15.46235,,,,,,,,13.18833821124511,13.357521393898194,26.797733177259985,19.00613771139838,22.020948592036223,52.574722121076135,1.9957750646040866,10.893125020748938,40.48167208971677,25.20945010173267,4.317272706465288,95.8,1.5,1.8
Congo,COG,20.80925,22.89855,15.70577,26.70157,2279.96913053355,48.9,0.574,0.43,0.9287048686764577,0.5552743030084399,0.57,15.13064,,,,,,,,13.18833821124511,13.357521393898194,26.797733177259985,19.00613771139838,22.020948592036223,52.574722121076135,1.9957750646040866,10.893125020748938,40.48167208971677,25.20945010173267,10.439090988852762,85.9,1.2,9.0
Costa Rica,CRI,32.20033,51.72414,35.37472,20.29041,12243.8114267607,48.0,0.81,0.661,0.9812972413684269,0.8024452594025011,0.288,15.11316,,,,,,,,29.892515142541747,15.153682404828048,29.141534078355985,19.07972121358444,30.84470747618312,58.697450428143284,4.849136683007216,21.814416589547157,19.465326662773165,56.50256412189726,9.89636377854782,90.9,0.0,7.9
Croatia,HRV,38.91309,68.57798,35.65264,21.00213,14936.100547343,30.4,0.851,0.783,0.9900189694790634,0.8484817587070592,0.116,27.01462,,,,,,,,27.71186792677584,17.179717260204857,22.084508647182577,11.211396461918302,25.4394391287613,22.121626302639484,30.5940729402128,14.613988112093196,20.321508127421556,55.724264917060815,12.592727401039816,93.4,1.4,5.1
Cuba,CUB,39.88868,52.20126,41.64581,33.19744,8821.81889125004,,0.783,,0.9439679891565752,0.7543093231752056,0.304,8.74986,,,,,,,,,,,,,,,,,,2.588181831619957,59.2,0.0,23.0
Cyprus,CYP,38.26274,69.49153,32.85398,28.4585,27858.3709958327,31.4,0.887,0.805,0.9790503054886733,0.8764220739241164,0.086,15.1492,81.05,49.44,18.95,48.14,43.85,14.03,53.31,33.67870565601617,12.539991912325565,28.854801677774105,12.87618360115625,37.48613469354132,46.45956801044702,4.807761788355985,18.78996995510568,13.469586131138406,50.925935541114775,10.858181866732515,73.2,25.3,1.2
Czechia,CZE,35.56827,59.87306,33.65148,15.56509,23494.5962002944,24.9,0.9,0.86,0.9854316655027545,0.8925294838935959,0.136,26.11807,,,,,,,,45.53288926325364,11.257508154575554,24.46818237670373,7.864690497436938,22.875229969881467,23.053663800298597,29.563474911143544,32.57236334362156,15.840194516392412,43.21601900647259,4.828181873668324,23.3,0.0,76.4
Denmark,DNK,34.24926,54.35933,29.03725,24.00102,60170.3426365069,28.7,0.94,0.883,0.9825656024202176,0.9310091587903512,0.038,22.20288,,,,,,,,74.96252709579461,8.02132798729907,12.639492098843563,3.7402335590364597,35.858318541157466,58.539861309204056,3.3693355498648505,30.703060189461556,6.818551777398548,62.30420252347524,6.503636360168454,83.5,4.1,11.8
Dominican Republic,DOM,39.98837,54.06872,38.4035,39.41309,8282.11635935324,43.7,0.756,0.595,0.9987924735511202,0.7591699385738584,0.455,11.55196,,,,,,,,26.295045897987585,19.051445580072595,30.556762254271668,16.718059083754437,28.408387626385316,62.702172585094964,0.5580195507960826,13.73400303585398,25.402066022238053,56.56777095600736,6.720909075303509,88.0,0.0,10.9
Ecuador,ECU,29.22662,47.86036,20.66284,36.81658,6183.82382482173,45.4,0.759,0.616,0.967367575789958,0.7429286659734187,0.384,15.83638,93.34,58.9,6.66,46.34,36.44,23.46,84.36,14.131968670810688,13.737062500095613,32.43424325487107,31.851236883446,41.67764144901001,44.90056360970282,3.427408225638537,7.627070540951737,35.35081876861545,52.79131362570124,3.907272707332264,94.1,0.0,5.5
Egypt,EGY,36.89891,64.15861,20.93463,36.80913,3019.20582861756,31.5,0.707,0.497,0.8823332278842357,0.652050925257035,0.449,11.24119,,,,,,,,28.029674751031614,14.957811293797189,22.62974359658698,15.29708339126967,14.354853990984056,46.0570242818499,15.302235640097262,24.01930566901189,10.238692232115945,37.63234622162517,11.51545446569269,5.1,94.9,0.0
El Salvador,SLV,23.1384,50.2439,18.65589,26.15804,4187.2500311069,38.6,0.673,0.529,0.974571097002244,0.661864808292401,0.383,21.43305,,,,,,,,16.73070953741084,14.753821306777326,33.33614784857824,27.829688974648786,37.67796442095356,47.19743259233961,4.545984113988425,8.766983565036597,38.17090541502013,49.4859108923005,4.420909122987228,88.2,0.0,11.0
Eritrea,ERI,27.80749,28.57143,28.05281,,642.507659063694,,0.459,,,,,29.04854,,,,,,,,,,,,,,,,,,6.702727317810059,62.9,36.6,0.0
Estonia,EST,38.37799,63.85737,32.12291,28.89201,23723.306112848,30.4,0.892,0.829,1.016865658667438,0.8963960057980453,0.086,27.73244,76.34,51.19,23.66,57.05,45.29,15.79,36.24,45.50650154212541,6.79338540614817,19.472587110774654,4.782620344533015,38.4238245978431,22.02460708991849,24.230359794303357,20.07025200705411,5.545581403778815,60.29612390198077,8.184545430270118,39.9,0.0,59.6
Ethiopia,ETH,17.32012,15.4059,13.70082,28.05921,855.760862280838,35.0,0.485,0.348,0.8370893819252069,0.44151371007378976,0.517,,85.27,35.14,14.73,30.27,22.0,8.0,80.6,31.250252267838714,9.995955255425688,34.37252454533729,4.404914915028956,4.382995390610204,78.44636052714634,3.31903465879922,15.333544787313844,11.162056960667908,48.60437053209214,2.2527272484519276,62.8,34.6,0.0
Finland,FIN,27.40048,53.83185,22.16466,20.74618,48782.7884755091,27.4,0.938,0.888,0.9899190976379478,0.9324888493432365,0.047,28.12024,51.16,22.67,48.84,24.58,23.08,6.22,29.69,60.74524915695392,9.679184376113822,21.71800545400317,5.566134236994391,42.13298142919537,47.19843382929413,6.540743344783126,35.069424524948694,7.0775236285469045,57.474377448313874,8.130909096110951,80.1,0.0,19.1
France,FRA,31.80564,49.0219,26.10633,16.45824,40493.9285720456,31.6,0.901,0.82,0.987152994137522,0.8949895448103902,0.049,25.39433,56.0,26.81,44.0,35.25,25.55,6.71,22.41,40.64920046224776,17.119695189560815,30.16334458286397,7.91482126278161,54.55637723200567,29.014239136253543,11.827878937076331,20.900179725049526,9.185493133205954,69.22081606033441,9.379090916026714,63.0,7.5,28.0
Gambia,GMB,45.65712,,9.23483,53.24176,777.811932084008,35.9,0.496,0.335,0.8457424056234779,0.4479811543846281,0.612,,,,,,,,,49.03541622620487,7.473388732361652,22.519031768899197,4.204488786533685,7.55541880891943,79.28711408301903,0.5968154260959797,33.576210792933104,10.926371785516228,42.446451413354595,9.298181880604139,4.5,95.1,0.0
Georgia,GEO,38.67785,68.12671,15.73412,20.57541,4697.7045759469,36.4,0.812,0.716,0.9795443902116027,0.8000559453284734,0.331,24.55977,94.09,77.12,5.91,65.89,66.97,18.14,74.63,16.600152922898616,19.858412453727777,19.616209067885677,20.88079622770305,39.263133890394556,29.53402329586728,12.135963269556582,5.457899944802995,21.216906196744965,62.1657110136453,16.334545482288696,88.5,10.7,0.0
Germany,DEU,27.55567,46.76303,21.11782,19.40818,46445.2491012508,31.9,0.947,0.869,0.9718804772078216,0.9327163495784005,0.084,35.30881,62.6,33.07,37.4,26.59,30.91,15.78,44.68,41.5620164901442,5.263988402249755,37.90661842409534,5.494012521051313,37.260491042612934,40.55597961431863,17.41932016737563,24.677363432023995,11.881205778708722,61.897064518284964,4.700000004334884,68.7,5.8,24.7
Ghana,GHA,19.76201,26.75966,16.41093,19.86793,2202.11556738065,43.5,0.611,0.44,0.9109915648306125,0.5817628176089469,0.538,16.41172,99.16,92.69,0.84,86.84,78.01,30.02,90.73,37.835364224099735,10.271444077575806,36.669171552525455,7.059077582404284,13.925855510948324,67.59646348038397,8.372436384625042,20.502823883639458,12.295374560551501,53.87479555394562,5.358181780034846,74.9,15.8,4.2
Greece,GRC,40.08756,52.36588,33.87207,35.68569,19582.5359794936,34.4,0.888,0.791,0.963041817949673,0.8688047753430154,0.116,28.26687,,,,,,,,53.75614344906934,10.854721146000118,17.799333546663824,7.559151832043964,22.856578527245052,37.03034520651425,16.404818226724068,9.508172600499167,20.873826150374526,61.02169582316714,21.12363650582054,88.1,5.3,6.1
Grenada,GRD,40.94488,64.89362,12.72727,24.09639,10808.6721222084,,0.779,,,,,15.67901,,,,,,,,,,,,,,,,,,,96.6,0.0,0.0
Guatemala,GTM,34.6914,45.21277,34.98438,21.07438,4619.98525821971,48.3,0.663,0.481,0.9408023574909885,0.6387612437416272,0.479,9.76544,,,,,,,,15.918180324009196,9.714592351486436,40.5251002692626,22.54200994059941,30.855659353469527,57.16652311314476,1.232995632622188,8.067743442609423,39.536035680927654,44.08180835350403,2.9181818095120504,95.2,0.0,4.1
Guyana,GUY,27.20307,53.33333,22.36842,26.58228,6609.58642503371,44.6,0.682,0.556,0.9611117542052663,0.6615854206778344,0.462,,,,,,,,,,,,,,,,,,,13.456363677978517,66.0,6.4,2.0
Honduras,HND,37.78616,54.88127,38.50372,27.14469,2574.91219067443,52.1,0.634,0.472,0.9782329745382843,0.6247172448363683,0.423,15.20226,,,,,,,,19.434912924010366,12.088663696667732,31.37000879922259,27.598413101526226,28.164134355678318,58.372643950844484,2.9482257913478414,11.89245433547987,30.582468972166172,50.03996416431599,5.827272805300626,87.6,0.0,10.5
Hungary,HUN,31.6804,52.23294,29.84505,16.70346,16731.8215139051,30.6,0.854,0.791,0.9807894581244346,0.8442751144582097,0.233,22.51725,65.89,40.36,34.11,42.84,37.86,18.75,30.99,32.795452808354256,13.22405975332871,27.411445145234193,9.373034644005944,43.103238206244974,23.073945018031438,17.907152990252143,12.405006391438448,13.147749188706076,67.22153172889382,7.1527272571216916,81.0,0.0,18.6
Iceland,ISL,35.23035,50.90909,32.68293,12.96296,66944.8330769825,26.8,0.949,0.894,0.9686740369265662,0.9331675072234334,0.058,18.59193,,,,,,,,60.92911496298645,6.242303659103554,25.602430910927858,2.7322976555008682,37.25595486072117,39.975179125301715,10.78259638007989,31.710733584199076,3.8932755493437803,62.61011573642614,4.708181879737162,95.0,0.0,3.5
India,IND,42.73444,51.3663,30.82657,46.32791,2099.59904810855,35.7,0.645,0.475,0.820249849906372,0.5731806392673903,0.488,32.16665,98.28,83.25,1.72,64.1,69.91,35.24,88.38,35.12002886166962,12.19560312301711,27.735577249788463,6.6083315160833145,13.784695877238304,58.94339171338334,9.73406312253302,21.142374307022767,13.659255895998005,54.45871976062694,5.674545461481267,2.5,14.4,0.0
Indonesia,IDN,37.43295,74.29708,24.91733,34.6707,4135.56926281554,37.8,0.718,0.59,0.9403575936633956,0.6936392619223558,0.48,19.4187,97.44,80.36,2.56,66.47,66.4,19.31,90.55,22.95385970895478,5.29115000725786,48.025534128531206,5.5327471136861,18.23018665291026,69.14283422997343,1.473216286223562,8.242690487331652,20.209806095062078,54.41802338863385,4.403636455535887,9.9,87.2,0.0
Iran,IRN,31.16248,68.02366,22.66265,39.10959,5550.06095701484,40.8,0.783,0.693,0.8655538720919798,0.7093174308169157,0.459,40.19529,98.54,92.49,1.46,84.63,88.86,55.42,78.69,32.08255708308893,9.238281540653706,27.822330631060943,16.892654889241307,23.680791053041773,57.23391188403889,5.726646193201726,19.150675036305678,6.1019901125733345,55.16792166028137,11.76000014218417,0.0,100.0,0.0
Ireland,IRL,29.00194,50.87282,17.56475,20.85069,78660.9564629603,32.8,0.955,0.885,0.9810242976135434,0.9430427884882875,0.093,25.23179,,,,,,,,45.80197527662839,9.296790354248092,34.84608778551347,4.923266953829069,26.04653015486361,58.620270212936546,11.087992452954646,38.63515562894412,5.233099824570479,55.186909416226484,10.229999889026983,92.0,1.1,6.2
Italy,ITA,39.52253,57.94692,31.90887,16.12051,33228.2366803707,35.9,0.892,0.783,0.967767104697158,0.8753458332463552,0.069,24.19916,,,,,,,,52.299590951918375,8.964269315230016,27.67671465437949,7.540381280439953,43.10196385119511,43.831835092732504,8.462355366856942,16.57256708178346,10.572877496559377,72.39622111770228,10.62545438246294,83.3,3.7,12.4
Kazakhstan,KAZ,31.63234,66.96649,28.45189,30.39628,9812.39037613835,27.5,0.825,0.766,0.9802664241755157,0.8070648346015826,0.19,24.72934,96.22,79.02,3.78,75.22,67.54,21.71,68.51,41.50899063521186,9.899484909652985,22.09111252729713,4.664682133844648,24.03939184181303,33.87051159391662,21.60965200049853,18.35320925763791,9.942485877535823,57.44243906680975,5.199999982660467,24.7,70.4,4.2
Kenya,KEN,30.72713,37.98633,19.4614,30.10329,1816.5469164389,40.8,0.601,0.443,0.9369174631602027,0.5809095096352483,0.518,16.47824,,,,,,,,38.76150901382683,10.141973274661604,35.35350562573335,11.218968524064344,18.507277219817407,73.14661263184523,3.9821968598979534,9.9180120348862,25.964661147788537,58.34899455288615,2.7945454120636004,84.8,9.7,2.5
Korea,KOR,25.21585,49.20296,20.05385,24.32193,31846.2182324258,31.6,0.916,0.815,0.9361131436640374,0.8805218558850386,0.064,29.3442,87.07,62.91,12.93,63.68,54.33,25.67,58.27,39.66370690483919,10.244552469471541,31.563032173328793,10.188036325547932,29.355352398865936,30.070832930859993,33.38282918497896,5.805629705128836,23.450333437164076,68.20080484767452,3.5809091221202505,29.4,0.0,46.4
Kyrgyzstan,KGZ,31.27617,72.93857,18.37657,47.42567,1309.39299165512,27.7,0.697,0.63,0.9572854580584064,0.676553939984235,0.369,19.71237,96.73,84.87,3.27,76.8,71.53,41.0,81.73,21.65593280539248,12.149197378315993,35.03052892117885,11.159713055716376,16.949973205264595,49.833122083121864,12.117505128631665,10.724196273640041,14.504728314511095,65.50235910497386,7.7309090874411845,11.4,88.0,0.0
Lao,LAO,28.95031,55.0,17.94554,40.82181,2534.89827991125,36.4,0.613,0.461,0.9272958520115007,0.589351761265136,0.459,22.4605,,,,,,,,,,,,,,,,,,0.7054545337503607,1.5,0.0,0.0
Latvia,LVA,31.133,63.01969,26.59517,22.68326,17828.8946571856,35.6,0.866,0.783,1.035955000686093,0.8792878734840571,0.176,20.17184,,,,,,,,44.4237036421925,7.257530140345148,20.658523453758754,5.877733627384028,41.03112901176614,16.02909651812179,22.22376355195809,7.763031118881523,5.8379219262054285,63.301524825191926,11.236363540996209,55.8,0.0,43.8
Lebanon,LBN,43.25716,68.59586,27.10059,30.65903,7583.69472170648,31.8,0.744,,0.8921468975490517,0.6907951375619129,0.411,,96.08,82.33,3.92,75.42,60.17,31.08,82.83,25.276119107018115,18.274198508242296,33.01747484312316,16.956011845191743,43.77029143574111,37.694575848153946,15.004205707051756,19.575019408154578,23.945983169586516,52.558553295248615,6.313636346296831,38.3,61.3,0.0
Lesotho,LSO,24.8237,45.16129,18.43972,31.25,1118.13128380194,44.9,0.527,0.382,1.0135592906778066,0.5287840318702918,0.553,15.35962,,,,,,,,,,,,,,,,,,24.77454514936967,96.8,0.0,3.1
Lithuania,LTU,29.59471,57.74775,25.47746,16.84211,19601.8908343885,37.3,0.882,0.791,1.0299156308783952,0.8941914162315672,0.124,26.82268,,,,,,,,35.53357953050406,17.56298488104403,13.688294782389745,6.93465448520149,40.823981216512976,20.38982378747596,20.74428704634503,16.72570106285176,11.513493768035564,53.718135170199965,10.35727279836482,89.8,0.0,10.0
Luxembourg,LUX,27.57475,45.16129,19.81982,19.58763,114704.594170863,34.9,0.916,0.826,0.9759421347047924,0.9007376125553426,0.065,18.82487,,,,,,,,39.46669969858037,16.935282434198058,33.68430286067633,6.036522973910649,40.193042561638066,46.701892328837566,7.686691310355374,20.507125175164838,9.037067628703102,68.17122330928729,5.702727274461226,70.4,2.3,26.8
Madagascar,MDG,31.01747,37.24763,18.51852,33.63636,523.359064460847,42.6,0.528,0.39,0.9522209627016218,0.5134199653599592,,23.84168,,,,,,,,11.477056313740096,17.522089290498382,32.898822102193236,18.88669347973808,16.818998216958697,69.81975542335415,1.4288942354556031,10.065553233182891,32.5523721407602,36.26494139045743,1.79363638162613,85.3,3.0,6.9
Malaysia,MYS,34.16717,70.73211,27.05155,45.99805,11414.2069765208,41.0,0.81,,0.9717958908380916,0.797492387438931,0.253,39.17365,98.54,88.38,1.46,79.69,74.54,43.0,94.31,29.49934845945585,7.195073419778169,34.03231834926407,2.5365763942551767,24.93486960595059,54.342787065266876,3.9395928648661225,14.204044897006728,13.918185098179878,43.63548653207483,3.312727277929133,9.4,63.7,0.0
Maldives,MDV,10.56338,,10.41667,9.67742,10626.513402239,31.3,0.74,0.584,0.9231997515773089,0.6982371757586027,0.369,5.11159,,,,,,,,,,,,,,,,,,6.8163635947487595,0.0,98.4,0.0
Malta,MLT,27.84946,53.01205,28.17955,15.97796,29820.6032474099,29.2,0.895,0.823,0.965690318755337,0.8773965289810337,0.175,20.30568,,,,,,,,39.3194656011692,14.618555525529686,35.39473483638259,6.327746677519356,17.882604529672765,70.77014664065074,7.043441178291045,33.81452579511234,7.057684247871937,53.37248456135478,5.135454589670355,97.0,0.0,2.5
Mauritania,MRT,28.85748,29.60894,11.72414,41.31737,1679.44487300408,32.6,0.546,0.371,0.8636573931763872,0.5003190762084401,0.634,30.1813,,,,,,,,10.531262238928736,13.542201445178872,14.057710682419392,14.536784073162485,17.348312235731278,33.96904201577415,9.013445868634664,2.6152785483144774,36.62435683612527,22.270469287968893,10.148181828585535,0.0,100.0,0.0
Mauritius,MUS,36.02903,66.13333,25.25253,31.59117,11099.2402835688,36.8,0.804,0.694,0.975621068053823,0.7908049515118885,0.347,23.31118,,,,,,,,48.455993539008446,11.00921659026161,19.5747478471299,10.70096197395795,28.896032956740527,63.54904438657519,1.9370757761650739,9.91850406492301,23.856554973239458,60.60578629081337,7.111818140203303,32.7,17.3,0.0
Mexico,MEX,30.62815,51.13955,28.46802,28.43665,9946.03382879198,45.4,0.779,0.613,0.9600814333911668,0.7602351443558286,0.322,25.23914,87.7,51.0,12.3,41.4,29.35,20.7,75.55,21.89379249120392,10.10432373565871,42.6959872500019,16.78396615975492,29.43703479890641,61.19433545311429,2.00645127130165,11.246391228806397,25.02924345955805,61.99317237672637,4.376363624225965,95.1,0.0,4.7
Moldova,MDA,30.5224,54.79705,29.72568,22.9284,4503.51698538847,25.7,0.75,0.672,1.013708538762285,0.7544443897258262,0.204,24.76057,90.06,67.21,9.94,60.33,58.8,16.73,65.2,11.636034273724476,18.182450463792136,29.716985365423533,17.45054735422727,39.823928999721204,31.69556295632846,14.871697691044625,4.856945279710382,38.193386963092244,48.32519214913982,4.960909041491422,97.4,0.0,1.4
Mongolia,MNG,34.07768,51.94346,30.75134,37.68421,4339.84327925027,32.7,0.737,0.634,1.0230891704780272,0.7438566387771857,0.322,25.33603,,,,,,,,12.872821762817408,20.014880892915066,19.30678928057955,28.784928012958215,14.226005653072882,61.72384432822475,3.0357242070379997,11.374836098372501,15.901956433900938,56.67468752968966,5.249090953306716,2.3,3.2,35.9
Morocco,MAR,45.3156,48.6641,42.20476,41.28349,3204.09500313298,39.5,0.686,,0.8346114320282836,0.6121883175012319,0.454,18.95167,96.25,80.58,3.75,69.0,72.5,19.58,82.5,13.669295632580358,15.590037340274973,24.644234883654864,16.293310001869344,21.90164969665673,48.490985124821755,1.7298098832786581,14.384267591316169,11.890669115961138,50.06209078802436,9.282727154818451,0.0,100.0,0.0
Mozambique,MOZ,29.2567,45.29915,28.64465,20.98765,503.570772675202,54.0,0.456,0.316,0.9120910345647356,0.43458518869082613,0.523,9.56001,,,,,,,,32.953034881718295,10.390186912929801,27.763577476692774,10.739722079006608,15.164767610534158,67.42598398998491,2.594980735248606,26.36276024265497,19.84252041112009,31.537033488712996,3.332727302204478,56.7,18.0,17.9
Myanmar,MMR,60.76428,66.37593,42.33523,67.34817,1407.81314341043,30.7,0.583,,0.9537085156338573,0.564455556447436,0.478,33.6678,,,,,,,,34.680826358917436,11.748231631914695,32.27974991858652,3.685645446592463,3.7805010271104287,84.31341274734089,1.412249587910176,29.490688641322986,4.944328442868674,53.53819536485271,0.9618181748823692,7.8,4.0,0.0
Namibia,NAM,42.49578,60.12862,33.9196,38.15514,4957.45822226408,59.1,0.646,0.418,1.0074694396634725,0.6475920209051799,0.44,12.11935,,,,,,,,15.905902367968316,21.563086188642483,30.425446158011756,18.75433190383598,27.13116360213102,63.09161967896259,3.630341413263564,6.47766888832699,37.48037657519585,45.09583879795546,20.140000083229754,97.5,0.0,1.9
Netherlands,NLD,29.29293,43.75199,23.05607,14.47267,52331.3167277797,28.5,0.944,0.878,0.965586666219649,0.9264806845968288,0.043,17.45106,39.75,15.88,60.25,21.29,13.56,4.63,22.03,47.84425806115824,15.544069875126954,23.93529611263688,11.567629180357116,45.52611503259879,50.4879065996652,2.4468231873891635,28.42972485390851,15.092810623665637,56.17141510755691,5.406363660638982,50.6,6.0,42.1
New Zealand,NZL,34.96016,55.66667,28.62691,23.10945,42084.3533748088,,0.931,0.859,0.9642864080198679,0.9118545920901724,0.123,21.3766,46.14,21.28,53.86,27.23,16.65,5.35,25.33,42.37837747017426,10.325065957091596,38.08951446913378,6.291494972669918,38.47008125411035,44.38301096092709,5.830053437734458,32.048556820172266,5.225900939985388,61.203256898356074,5.379090872677889,57.0,1.2,36.6
Niger,NER,18.02791,20.67844,7.44581,22.79793,553.89505038138,34.3,0.394,0.284,0.7237463246819136,0.320846368574092,0.642,12.34282,,,,,,,,30.24839003147033,7.250716983037719,19.85131928397156,10.245833559485483,13.545884081479857,61.99747923241177,1.3193719655242007,39.00840586064731,14.07010832488192,30.0839491617713,0.72363636710427,0.0,98.4,0.0
North Macedonia,MKD,47.38186,69.45946,47.76471,35.08523,6022.21617939574,34.2,0.774,0.681,0.9520718901753507,0.7528507162081073,0.143,23.57012,,,,,,,,18.770482241054513,20.887320896001924,18.098066637940196,19.40139327819643,38.19503671924584,27.71820498107881,18.52589633108912,5.3522088688755005,35.99532991641748,43.15519427446129,25.456363504583184,59.3,39.3,1.4
Norway,NOR,28.46429,51.48206,23.89405,15.1608,75419.6348688089,27.0,0.957,0.899,0.9899386579617451,0.9489563520145097,0.045,22.10417,41.27,16.0,58.73,19.51,21.85,3.71,16.78,48.97674989227694,12.531992662927472,31.45982360460402,4.87393968411989,41.35091350681454,53.15435416300179,2.9203188957642903,37.76334993991924,2.8070621488704024,58.56811574074706,3.8190908865495157,84.7,3.7,10.1
Oman,OMN,55.73442,75.44596,43.15595,75.56252,15343.0620043106,,0.813,0.706,0.9356256026877761,0.7682962791017042,0.306,44.49869,,,,,,,,,,,,,,,,,,3.213636344129388,6.5,85.9,0.0
Panama,PAN,43.22296,59.91091,40.00758,43.90582,15731.0160348471,49.2,0.815,0.643,1.0190276248713592,0.8260859559955009,0.407,15.42653,,,,,,,,15.369196939253838,18.095018093978293,30.066240866644677,23.679314645463506,33.413768836506044,47.98030102939757,4.489431461071469,7.237644447193141,38.35776312326959,51.195583637857965,3.8645454103296406,93.0,0.0,4.8
Peru,PER,47.80991,45.97046,47.48681,49.55961,6977.69578355382,42.8,0.777,0.628,0.9570929121632723,0.7590668691866898,0.395,29.64282,87.96,49.99,12.04,38.44,27.05,14.36,79.76,12.877753427295884,15.143900066495346,32.41350949376025,27.892469744908375,34.33912440744921,50.87605756129842,3.9393739889002175,5.165733308166828,38.20108174465363,48.831190945030805,3.4245454398068507,95.5,0.0,3.0
Philippines,PHL,36.25297,61.97198,24.48273,48.12816,3485.08421835861,44.4,0.718,0.587,1.0069199775633197,0.7197416002012795,0.43,28.73975,98.87,86.8,1.13,70.62,73.8,39.08,91.48,42.81747591126764,11.971306419974784,34.86553876156766,5.897677038511954,16.85454364226679,76.13542211505333,2.45957783150036,31.9021368353683,12.730127435827013,52.403446533766896,3.0954544977708305,92.6,5.5,0.0
Poland,POL,43.36165,70.74753,42.06954,21.1786,15692.5070255563,29.7,0.88,0.813,1.0071102297898131,0.8801142643742882,0.115,21.65399,79.75,47.31,20.25,43.74,41.99,11.91,53.02,36.29933291061529,13.58916496524294,33.22017635134784,3.6976368006236804,24.35465229372486,34.541068510541,26.0935531918574,18.902056916268453,10.70316883350248,66.94658533538521,7.082727258855652,94.3,0.0,5.6
Portugal,PRT,37.76102,62.11682,32.32536,17.44422,23252.0585181211,33.8,0.864,0.761,0.9883174104291926,0.8582876104996814,0.075,29.09365,,,,,,,,29.28317897600696,13.704262700445188,40.48307998767115,12.190085189472526,41.227836404678634,44.76959158530402,7.163126518600451,33.63647449655934,10.655999008887239,54.182944681686386,11.098181811246015,91.9,0.0,7.5
Qatar,QAT,47.57709,75.80645,37.21489,53.38078,62088.0618276987,,0.848,,1.0296748037406314,0.8659822850362833,0.185,24.23355,99.73,94.9,0.27,91.56,81.66,27.6,87.25,,,,,,,,,,,0.5554545487869873,13.8,67.7,0.0
Romania,ROU,41.21575,66.86331,35.32446,33.19426,12919.5296441908,36.0,0.828,0.73,0.9913810337527182,0.8237000206149322,0.276,28.77131,85.5,60.84,14.5,48.78,55.88,20.69,63.54,22.236643860319674,18.947805192976684,24.884811722778075,16.237902130031724,37.745198725732806,41.1876776729814,8.64729227160798,21.465712180936144,20.468417805088045,50.25582070112298,5.946363644166426,100.0,0.0,0.0
Rwanda,RWA,35.36145,41.34078,26.54792,39.08154,820.025241658159,43.7,0.543,0.387,0.9454102954543157,0.5277554864341749,0.402,12.9586,99.15,89.39,0.85,67.78,65.68,36.15,97.64,39.34623951788474,5.927328161363827,27.69214986653011,3.6129383088869913,20.529406157742596,61.58184041076981,1.7430355211190944,21.54633121502162,11.032684529276555,42.163816563584966,1.1209090839732783,93.4,1.8,3.6
Saudi Arabia,SAU,36.822,67.45302,2.67535,46.01715,23139.7986561214,,0.854,,0.8960899029569535,0.791461274258187,0.252,22.03462,,,,,,,,54.74181839423229,4.03470256264098,33.190347351285624,4.856186606628425,26.95964472684481,69.68604515422243,1.3766152943382084,27.551223648926783,7.740804078299468,47.864578763150156,5.968181870200417,4.4,93.0,0.0
Serbia,SRB,42.55736,71.15629,38.53117,28.55473,7411.83611634734,36.2,0.806,0.705,0.9771722781563892,0.7965022233070886,0.132,28.35468,82.62,48.61,17.38,47.05,35.49,13.2,66.56,27.605977779790784,18.338752318703026,23.481866017092205,9.957765410303143,41.98800556083147,26.12387487382966,16.263475645596166,9.243641471379368,24.685456481090345,57.32332306714408,16.924545114690606,92.6,4.1,3.3
Seychelles,SYC,31.57895,78.94737,13.95349,21.42857,17448.2702926831,46.8,0.796,0.67,,,,19.85158,,,,,,,,,,,,,,,,,,,94.0,1.1,2.1
Singapore,SGP,34.26117,61.72367,27.76688,32.2216,65233.2824392302,,0.938,0.813,0.9852372575048299,0.9308035314585691,0.065,33.47918,92.34,73.2,7.66,76.18,52.23,26.18,65.66,37.6816557749641,8.478499193866549,35.94037295720703,2.190595878072724,24.685738379429935,53.73665161583182,5.072569781174999,22.12042394944842,14.129030178063898,50.587829253965545,3.939999970522794,18.2,14.3,16.4
Slovakia,SVK,35.22112,63.71191,28.1642,12.18214,19266.2754990139,25.2,0.86,0.807,0.9918148051098387,0.8550288152802001,0.191,22.07255,,,,,,,,24.03724806563882,18.934161015100347,31.893038625795832,9.815615231634206,31.77308548729025,33.16102441029531,25.70114131092593,17.636657959782077,16.06733487353738,61.92776958431715,10.70181820609353,85.3,0.0,14.3
Slovenia,SVN,33.32192,61.43604,26.73394,14.08451,25946.1821852127,24.2,0.917,0.875,1.0014085210641908,0.9156499719077447,0.063,27.23022,59.21,28.25,40.79,33.58,25.91,8.04,29.93,38.81984958837697,17.54618155893781,30.771573621326194,12.02122405615014,49.13598849604484,45.71428330791322,3.5282120998603643,15.588371062974558,17.072990156538147,67.26991487748654,7.4790909507057854,78.4,3.6,18.0
South Africa,ZAF,42.75694,56.34668,32.23869,38.42537,6001.40081394888,63.0,0.709,0.468,0.9863821495061937,0.7020923195480617,0.406,18.28119,96.32,80.9,3.68,75.56,57.06,38.8,88.8,19.130064186362084,15.286490927310162,31.891062920358788,19.17427852088765,29.279577647388045,61.082137260819,2.6410194711864574,13.231949127753381,29.567857005482363,41.501449693090045,26.031818043101907,81.2,1.7,14.9
Spain,ESP,29.55581,49.93628,26.61239,12.97447,29600.3782526602,34.7,0.904,0.783,0.9858652738011706,0.896326715634599,0.07,22.26665,50.5,25.16,49.5,29.4,20.48,11.61,28.05,44.22168024769513,12.433316061304778,34.871088342172825,5.320243840943999,45.395492953265574,41.903209346562825,8.15029908675191,38.892383885821346,5.926598806487393,53.89599280553566,20.04727276888759,78.6,2.1,19.0
Sri Lanka,LKA,40.57054,56.87014,28.4373,37.64299,3853.08369288942,39.8,0.782,0.673,0.9553278454664627,0.7588926078050203,0.401,,,,,,,,,17.41441459060985,16.913424433603343,25.374567313176833,16.081136904935857,12.11290063345454,69.40414515596277,4.591008808062073,13.360625297520054,11.547972848756153,54.72990887426392,4.313636389645662,7.3,9.8,0.0
Sudan,SDN,47.18265,47.7254,46.27565,53.78173,441.505603374484,34.2,0.51,0.333,0.8597259532372106,0.4659083616490181,0.545,28.62498,,,,,,,,,,,,,,,,,,17.066363941539418,5.4,90.7,1.0
Sweden,SWE,35.47829,52.02827,32.77372,30.23847,51615.0206514946,28.8,0.945,0.882,0.9826442554677156,0.9364274045697064,0.039,26.6392,30.01,10.75,69.99,16.05,9.16,2.61,14.13,38.440075644371795,11.7680977298286,34.326774431055206,6.244609403319865,37.00762812880064,48.43871367588041,4.974510961055591,26.330041185640557,8.231016064164232,62.86827324431204,7.561818079514936,67.2,4.6,27.0
Switzerland,CHE,22.31547,41.92288,15.99456,9.93166,81993.72712595,32.7,0.955,0.889,0.9675128179073542,0.9338774340881767,0.025,25.21237,56.03,26.94,43.97,20.56,29.8,9.28,31.18,43.96990068139958,9.523451256794042,33.58090803494588,5.218436873671112,48.22225878271923,33.4040522879499,13.964775435353113,17.14457600535508,8.223690889661233,72.28455052235458,4.7118182182312,72.7,4.9,20.9
Syria,SYR,49.50636,60.51451,43.84573,57.31293,2032.62348932701,35.8,0.567,,0.8286868100101272,0.4916543958751668,0.482,22.96364,,,,,,,,,,,,,,,,,,8.516363490711559,5.2,92.8,2.0
Thailand,THA,30.13622,70.72301,16.74975,47.85432,7806.74221105532,36.4,0.777,0.646,1.007921417554255,0.7823867014895793,0.359,27.85502,95.47,74.5,4.53,67.3,50.86,29.02,84.53,20.94912344206846,10.937455265591229,43.92423461854213,2.4913966189802266,19.390087585761233,54.76469594344711,6.043915103740509,9.24017344904827,7.548306963755418,64.31886920097445,0.6618181805719026,0.0,5.5,0.0
Tunisia,TUN,55.4091,77.14837,44.18978,55.64061,3317.4535932122,32.8,0.74,0.596,0.9001292969125834,0.6893713442641072,0.296,43.25471,96.35,84.07,3.65,78.42,79.34,24.48,83.82,17.052058011249166,14.640949485272406,38.56521918098314,10.621952103595143,29.632245808874696,45.520979872015076,11.950086432182317,15.07357445112297,18.56385421998924,49.019396829566816,15.75727280703458,0.0,100.0,0.0
Turkey,TUR,34.68608,57.95409,27.12794,34.46043,9126.56134585014,41.9,0.82,0.683,0.9239286215250176,0.7835054024993082,0.306,19.44189,96.52,85.7,3.48,76.02,80.25,32.04,77.56,27.178943628749728,13.057060807242681,33.662437962123384,13.235169739721023,34.418502501334395,43.76029197115495,9.518788904682749,14.64999616178584,23.06394001071167,49.82523471987827,10.599999947981399,0.0,98.0,1.2
Ukraine,UKR,28.78557,58.33682,25.22734,17.46342,3659.03131229487,26.1,0.779,0.728,1.0001863886739462,0.7762094486803529,0.234,25.05327,86.53,65.4,13.47,62.63,57.69,18.23,56.61,37.30533974022924,9.861325641892318,19.97002733888792,7.771032200888584,26.43893426076242,21.781182100410852,28.576877700191837,9.617994795052114,16.013731534210027,62.3031186084685,8.580909208817916,83.8,1.2,14.7
UAE,ARE,41.48553,85.9375,33.29471,55.39084,43103.3230583165,32.5,0.89,,0.9306258727041725,0.8424034774782221,0.079,27.7327,,,,,,,,42.43452793584101,7.79303703243108,30.828078615061866,4.112180764343661,30.81969528316223,61.43861925060104,1.5716163662847238,26.69018908581427,9.912325205815067,38.88064487409866,2.3472727212038915,12.6,76.9,1.1
United Kingdom,GBR,38.10313,52.9621,23.46256,19.38466,42330.117537005,34.8,0.932,0.856,0.9699238256280696,0.9159521804260728,0.118,26.31962,54.6,25.5,45.4,26.07,25.15,6.65,30.34,46.57080938574247,9.194638315601795,34.04318294776585,4.623351701824656,38.468239730451145,44.94478061234522,8.980066734330727,35.37966799820064,8.900612078274541,55.12015226194262,5.806363647634332,64.3,4.8,27.8
United States,USA,33.98544,52.44977,20.43798,23.60926,65297.517508274,41.1,0.926,0.808,0.993544801844942,0.9217149522350425,0.204,17.92021,57.31,30.07,42.69,39.9,14.81,6.54,34.57,46.613382142230606,8.677298734057972,35.664905190344854,6.124155512682494,27.652445382279666,61.017214824348606,4.302630624328396,25.417025498560847,12.847862374710447,56.04431696371675,6.417272784493187,78.3,0.0,16.4
Uruguay,URY,43.96355,70.68966,45.91716,17.65799,16190.126957465,39.7,0.817,0.712,1.0161750582009685,0.8142671443145796,0.288,17.45411,74.6,36.7,25.4,28.6,34.3,9.2,51.4,22.86297725477504,15.616782971363222,32.13702888854283,17.803757811926396,50.80358573273915,34.43226702598372,5.464927570740599,19.612848223142024,16.844465547174654,55.346126604841714,7.8627272952686615,57.9,0.0,40.7
Uzbekistan,UZB,24.60623,52.32681,17.70088,17.83377,1724.8411344137,35.3,0.72,,0.9389877322559974,0.6949635096168721,0.288,34.4768,97.93,87.73,2.07,78.67,80.33,48.6,83.93,54.21623469811938,5.616768695798544,23.768467314138405,3.3461632598608437,8.032707756506667,85.87000335358894,0.6724788341243118,54.272187561909135,2.0915063124709157,38.040987115928296,5.348181811246005,2.3,96.7,0.0
Vietnam,VNM,36.50885,50.58663,37.06646,26.43116,2715.27603640721,35.7,0.704,0.588,0.9974276248111201,0.7030678518234439,0.296,22.67548,92.89,69.17,7.11,59.4,62.49,20.36,70.56,20.08661871250747,12.119190333181345,38.08248439383524,4.350204750003176,12.500524996038587,60.59584428924089,7.550138823224108,4.259629802705051,17.2118939873452,41.29323433083884,1.5236363627693874,8.2,0.0,29.6
Zimbabwe,ZWE,28.79315,30.62284,20.46313,46.11547,1463.98591018054,44.3,0.571,0.441,0.9314420323434203,0.5499146292708216,0.527,30.22403,99.52,84.78,0.48,78.16,57.3,16.2,96.27,45.62674265606519,10.758080361861513,24.78052535118013,7.614374825228307,14.36564120262982,62.28479225266816,11.426808422719187,14.435281814150356,23.000168989786225,52.05387546721961,5.289090893485328,87.0,0.0,7.9
Japan,JPN,,25.83693,14.01,,40246.8801284164,32.9,0.919,0.843,0.9775654704353921,0.9057559686513178,0.094,,68.81,41.67,31.19,46.87,41.79,16.21,26.28,27.486494800019383,19.054013159721134,31.920426638107397,9.879037796305411,36.14331309899375,26.23850935188294,21.440235959469593,11.443373867932868,7.347102974738669,76.30612552990235,3.5081818320534435,1.6,0.0,57.0
Jordan,JOR,,75.52521,34.78519,60.27938,4405.48841230824,33.7,0.729,0.622,0.8748292952354352,0.6635184666549147,0.45,26.36434,99.33,95.67,0.67,91.17,89.42,28.75,81.5,19.254512983074793,20.428071244925302,35.22776944283326,16.5261443888075,41.516505488522135,49.200342398685024,2.099145864262004,15.721709466035694,23.01447454298542,48.82399058820559,14.352727283130992,2.2,97.2,0.0
Afghanistan,AFG,,,4.08978,,507.103431871987,,0.511,,0.6594916704736334,0.3912708946005832,0.655,,,,,,,,,16.826597970359394,6.685818103250861,29.24121144348904,28.324409935799892,8.423106670839877,63.23751477058301,13.818461998201414,10.401734972714815,17.826055267516583,43.98764470790931,11.380909226157444,0.0,100.0,0.0
Bhutan,BTN,,,24.91468,,3316.17571350084,37.4,0.654,0.476,0.9207884717094357,0.6256728389099055,0.421,,,,,,,,,,,,,,,,,,,2.6945454424077817,0.0,0.0,0.0
Eswatini,SWZ,,,15.15152,,3894.67980685427,54.6,0.611,0.432,0.9961132764441478,0.6086930803704669,0.567,,,,,,,,,35.097796201081735,9.546103858809287,27.730995180107556,10.727419488420164,17.509992270013843,66.38670244705253,5.441962326541227,14.47543665698388,23.662223049481433,49.553931923811604,24.021818161010742,88.1,0.0,10.1
Liberia,LBR,,,24.8062,,621.892953622715,35.3,0.48,0.325,0.8895810871752505,0.45321832382057364,0.65,,,,,,,,,40.727022066417916,7.053103214968042,34.48264496573041,5.440464048514849,11.704710403042668,72.77117819289676,1.686961111565494,21.066551089152806,19.580264990149374,45.39908445094871,2.5754545601931462,85.9,12.0,1.4
Nepal,NPL,,,13.95349,,1071.05076055404,32.8,0.602,0.446,0.9330560412052775,0.5813005109276849,0.452,,,,,,,,,41.300864871340444,12.130118587653586,22.176734548633352,9.15276600929044,6.918855095768345,70.3893713383491,10.296056965044032,14.463237881046073,8.325869410394828,52.432212981207115,2.8309090679342104,0.0,4.6,0.0
Palau,PLW,,,8.33333,,14901.9835314079,,0.826,,,,,,,,,,,,,,,,,,,,,,,,86.7,0.0,1.2
